Workbook

Sheet Solution
A1: Day 07 Solution - Expense Report (Week 1 Practice Project)
A3: Task 1: Budget Status column
A4: Task | B4: Add a 'Budget Status' column: 'On Budget' if Actual Spend <= Planned Budget, else 'Over Budget'.
A5: Formula (cell G2) | B5: =IF(E2>D2,"Over Budget","On Budget")
A6: Where applied | B6: Expense_Data (Solved)!G2:G501, filled down for all 500 rows.
A7: Answer | B7: Over Budget: 277 rows | On Budget: 223 rows (of 500 total).
A9: Task 2: Pivot table - total planned vs actual spend by department
A10: Task | B10: Summarise total Planned Budget and total Actual Spend by Department.
A11: How to build in Excel | B11: Select Expense_Data (Solved)!A1:F501 -> Insert -> PivotTable -> New Worksheet. Rows = Department. Values = Sum of Planned Budget ($), Sum of Actual Spend ($).
A12: Result table | B12: See 'Pivot Results' sheet (computed independently with pandas groupby, values match).
A13: Finance | B13: Planned $432,667 | Actual $468,209 | Variance $35,542 | Over Budget
A14: HR | B14: Planned $439,309 | Actual $493,937 | Variance $54,628 | Over Budget
A15: IT | B15: Planned $427,757 | Actual $485,443 | Variance $57,686 | Over Budget
A16: Logistics | B16: Planned $353,332 | Actual $438,863 | Variance $85,531 | Over Budget
A17: Marketing | B17: Planned $374,352 | Actual $429,653 | Variance $55,301 | Over Budget
A18: Operations | B18: Planned $357,993 | Actual $454,227 | Variance $96,234 | Over Budget
A19: Sales | B19: Planned $371,246 | Actual $411,288 | Variance $40,042 | Over Budget
A21: Task 3: Chart - planned vs actual spend per department
A22: Task | B22: Add a chart visualising the difference between planned and actual spend per department.
A23: How to build in Excel | B23: With the pivot table selected -> Insert -> PivotChart -> Clustered Column. Category axis = Department, Series = Sum of Planned Budget ($) and Sum of Actual Spend ($).
A24: Where applied | B24: Clustered column chart embedded on the 'Pivot Results' sheet, built from the totals above.
A26: Task 4: Conditional formatting - overspend exceeds 20% of planned budget
A27: Task | B27: Highlight rows where overspend (Actual - Planned) exceeds 20% of the Planned Budget.
A28: Formula (CF rule, applied to $A2:$G501) | B28: =($E2-$D2)>0.2*$D2 (equivalent to E2 > 1.2*D2)
A29: Where applied | B29: Expense_Data (Solved)!A2:G501 - matching rows filled light red/orange.
A30: Answer | B30: 232 rows exceed 20% overspend (of 500 total).
A32: Task 5 (Optional): Data bars on Actual Spend
A33: Task | B33: Add data bars to show Actual Spend across all rows.
A34: Where applied | B34: Expense_Data (Solved)!E2:E501 - blue gradient data bar rule (openpyxl DataBarRule).

Sheet Expense Data
A1: Department | B1: Category | C1: Month | D1: Planned Budget ($) | E1: Actual Spend ($) | F1: Notes | G1: Budget Status
A2: HR | B2: Travel | C2: October | D2: 8741 | E2: 11391 | F2: NA | G2: =IF('Expense Data'!E2<='Expense Data'!D2,"On Budget","Over Budget") -> Over Budget
A3: Sales | B3: Supplies | C3: May | D3: 9315 | E3: 2115 | F3: Urgent need | G3: =IF('Expense Data'!E3<='Expense Data'!D3,"On Budget","Over Budget") -> On Budget
A4: Logistics | B4: Supplies | C4: July | D4: 5713 | E4: 2833 | F4: Overspend | G4: =IF('Expense Data'!E4<='Expense Data'!D4,"On Budget","Over Budget") -> On Budget
A5: IT | B5: Travel | C5: September | D5: 4220 | E5: 1659 | F5: Urgent need | G5: =IF('Expense Data'!E5<='Expense Data'!D5,"On Budget","Over Budget") -> On Budget
A6: IT | B6: Supplies | C6: February | D6: 8871 | E6: 9947 | F6: Delayed approval | G6: =IF('Expense Data'!E6<='Expense Data'!D6,"On Budget","Over Budget") -> Over Budget
A7: HR | B7: Travel | C7: August | D7: 6152 | E7: 5026 | F7: Delayed approval | G7: =IF('Expense Data'!E7<='Expense Data'!D7,"On Budget","Over Budget") -> On Budget
A8: Sales | B8: Supplies | C8: November | D8: 9906 | E8: 4649 | F8: Delayed approval | G8: =IF('Expense Data'!E8<='Expense Data'!D8,"On Budget","Over Budget") -> On Budget
A9: Logistics | B9: Travel | C9: October | D9: 9187 | E9: 4834 | F9: NA | G9: =IF('Expense Data'!E9<='Expense Data'!D9,"On Budget","Over Budget") -> On Budget
A10: Marketing | B10: Training | C10: December | D10: 9113 | E10: 3132 | F10: Delayed approval | G10: =IF('Expense Data'!E10<='Expense Data'!D10,"On Budget","Over Budget") -> On Budget
A11: Sales | B11: Consulting | C11: June | D11: 2972 | E11: 8038 | F11: Urgent need | G11: =IF('Expense Data'!E11<='Expense Data'!D11,"On Budget","Over Budget") -> Over Budget
A12: Logistics | B12: Travel | C12: November | D12: 4703 | E12: 2005 | F12: Urgent need | G12: =IF('Expense Data'!E12<='Expense Data'!D12,"On Budget","Over Budget") -> On Budget
A13: Operations | B13: Consulting | C13: September | D13: 2819 | E13: 2626 | F13: Overspend | G13: =IF('Expense Data'!E13<='Expense Data'!D13,"On Budget","Over Budget") -> On Budget
... A501: HR | B501: Equipment | C501: November | D501: 9498 | E501: 2157 | F501: NA | G501: =IF('Expense Data'!E501<='Expense Data'!D501,"On Budget","Over Budget") -> On Budget

Sheet Pivot Table 
A3: Row Labels | B3: Sum of Planned Budget ($) | C3: Sum of Actual Spend ($)
A4: Finance | B4: 432667 | C4: 468209
A5: HR | B5: 439309 | C5: 493937
A6: IT | B6: 427757 | C6: 485443
A7: Logistics | B7: 353332 | C7: 438863
A8: Marketing | B8: 374352 | C8: 429653
A9: Operations | B9: 357993 | C9: 454227
A10: Sales | B10: 371246 | C10: 411288

Sheet Overspend Amount
A1: Department | B1: Category | C1: Month | D1: Planned Budget ($) | E1: Actual Spend ($) | F1: Notes | G1: Budget Status | H1: Overspend Amount | I1: Overspend Percentage
A2: HR | B2: Travel | C2: October | D2: 8741 | E2: 11391 | F2: NA | G2: Over Budget | H2: =(E2-D2) -> 2650 | I2: =H2/D2 -> 0.30316897
A3: Sales | B3: Supplies | C3: May | D3: 9315 | E3: 2115 | F3: Urgent need | G3: On Budget | H3: =(E3-D3) -> -7200 | I3: =H3/D3 -> -0.77294686
A4: Logistics | B4: Supplies | C4: July | D4: 5713 | E4: 2833 | F4: Overspend | G4: On Budget | H4: =(E4-D4) -> -2880 | I4: =H4/D4 -> -0.50411343
A5: IT | B5: Travel | C5: September | D5: 4220 | E5: 1659 | F5: Urgent need | G5: On Budget | H5: =(E5-D5) -> -2561 | I5: =H5/D5 -> -0.60687204
A6: IT | B6: Supplies | C6: February | D6: 8871 | E6: 9947 | F6: Delayed approval | G6: Over Budget | H6: =(E6-D6) -> 1076 | I6: =H6/D6 -> 0.1212941
A7: HR | B7: Travel | C7: August | D7: 6152 | E7: 5026 | F7: Delayed approval | G7: On Budget | H7: =(E7-D7) -> -1126 | I7: =H7/D7 -> -0.18302991
A8: Sales | B8: Supplies | C8: November | D8: 9906 | E8: 4649 | F8: Delayed approval | G8: On Budget | H8: =(E8-D8) -> -5257 | I8: =H8/D8 -> -0.53068847
A9: Logistics | B9: Travel | C9: October | D9: 9187 | E9: 4834 | F9: NA | G9: On Budget | H9: =(E9-D9) -> -4353 | I9: =H9/D9 -> -0.4738217
A10: Marketing | B10: Training | C10: December | D10: 9113 | E10: 3132 | F10: Delayed approval | G10: On Budget | H10: =(E10-D10) -> -5981 | I10: =H10/D10 -> -0.65631515
A11: Sales | B11: Consulting | C11: June | D11: 2972 | E11: 8038 | F11: Urgent need | G11: Over Budget | H11: =(E11-D11) -> 5066 | I11: =H11/D11 -> 1.704576
A12: Logistics | B12: Travel | C12: November | D12: 4703 | E12: 2005 | F12: Urgent need | G12: On Budget | H12: =(E12-D12) -> -2698 | I12: =H12/D12 -> -0.57367638
A13: Operations | B13: Consulting | C13: September | D13: 2819 | E13: 2626 | F13: Overspend | G13: On Budget | H13: =(E13-D13) -> -193 | I13: =H13/D13 -> -0.068463994
... A501: HR | B501: Equipment | C501: November | D501: 9498 | E501: 2157 | F501: NA | G501: On Budget | H501: =(E501-D501) -> -7341 | I501: =H501/D501 -> -0.77289956
